init,mixer,valid_states,valid_probability,invalid_probability,opt_probability,expected_valid_cost,best_valid_cost,expected_valid_gap_percent,sampled_valid_fraction,sampled_best_cost,energy,time_sec
Qg,grover,2,0.9922472235382565,0.007752776461743549,0.9922472235382565,172.06644813862846,172.06644813862846,0.0,1.0,172.06644813862846,175.28252923397773,0.026465400002052775
Qg,x,2,0.8620874575558062,0.13791254244419382,0.8620874575558062,172.06644813862846,172.06644813862846,0.0,0.9,172.06644813862846,223.0194467903317,0.014858799997455208
Qg,xy,2,0.9973506320711816,0.0026493679288184246,0.9973506320711816,172.06644813862846,172.06644813862846,0.0,1.0,172.06644813862846,172.94240067597613,0.014211200003046542
Qr,grover,2,0.9922472235382558,0.007752776461744215,0.9922472235382558,172.06644813862846,172.06644813862846,0.0,1.0,172.06644813862846,175.28252923397764,0.06547979999959352
Qr,x,2,0.8620874575558062,0.13791254244419382,0.8620874575558062,172.06644813862846,172.06644813862846,0.0,0.9,172.06644813862846,223.01944679033173,0.015348299999459414
Qr,xy,2,0.9973506320711816,0.0026493679288184246,0.9973506320711816,172.06644813862846,172.06644813862846,0.0,1.0,172.06644813862846,172.94240067597613,0.014084200000070268
S,grover,2,0.14135567781938232,0.8586443221806177,0.14135567781938232,172.06644813862846,172.06644813862846,0.0,0.25,172.06644813862846,511.69617783175613,0.31224550000115414
S,x,2,0.19810745967544846,0.8018925403245516,0.19810745967544846,172.06644813862846,172.06644813862846,0.0,0.25,172.06644813862846,488.8942171930403,0.014633799997682218
S,xy,2,0.12396748240176803,0.876032517598232,0.12396748240176803,172.06644813862846,172.06644813862846,0.0,0.0,inf,535.38255871729,0.018594900000607595
