init,mixer,valid_states,valid_probability,invalid_probability,opt_probability,expected_valid_cost,best_valid_cost,expected_valid_gap_percent,sampled_valid_fraction,sampled_best_cost,energy,time_sec
Qg,exchange,2,0.9999999999999996,4.440892098500626e-16,0.9999999999999996,172.0664481386285,172.06644813862846,1.6517868380421e-14,1.0,172.06644813862846,172.0664481386284,0.00962710000021616
Qg,x,2,0.8620874575558062,0.13791254244419382,0.8620874575558062,172.06644813862846,172.06644813862846,0.0,0.9,172.06644813862846,223.0194467903317,0.010591700003715232
Qg,xy,2,0.9973506320711816,0.0026493679288184246,0.9973506320711816,172.06644813862846,172.06644813862846,0.0,1.0,172.06644813862846,172.94240067597613,0.010999400001310278
Qr,exchange,2,0.9999999999999996,4.440892098500626e-16,0.9999999999999996,172.0664481386285,172.06644813862846,1.6517868380421e-14,1.0,172.06644813862846,172.0664481386284,0.009259099999326281
Qr,x,2,0.8620874575558062,0.13791254244419382,0.8620874575558062,172.06644813862846,172.06644813862846,0.0,0.9,172.06644813862846,223.01944679033173,0.010370200005127117
Qr,xy,2,0.9973506320711816,0.0026493679288184246,0.9973506320711816,172.06644813862846,172.06644813862846,0.0,1.0,172.06644813862846,172.94240067597613,0.010881499998504296
S,exchange,2,0.12499999999999992,0.8750000000000001,0.12499999999999992,172.06644813862846,172.06644813862846,0.0,0.0,inf,535.042341009773,0.03579699999681907
S,x,2,0.19810745967544846,0.8018925403245516,0.19810745967544846,172.06644813862846,172.06644813862846,0.0,0.25,172.06644813862846,488.8942171930403,0.014459400001214817
S,xy,2,0.12396748240176803,0.876032517598232,0.12396748240176803,172.06644813862846,172.06644813862846,0.0,0.0,inf,535.38255871729,0.014474399999016896
